<?xml version="1.0" encoding="utf-8" standalone="yes"?>
<answer>
    <flows>
        <flow>
            <reference type="from">
                <statement>
                    <statementfull>$r4 = virtualinvoke $r3.&lt;android.telephony.TelephonyManager: java.lang.String getDeviceId()&gt;()</statementfull>
                    <statementgeneric>android.telephony.TelephonyManager: java.lang.String getDeviceId()</statementgeneric>
                </statement>
                <method>&lt;org.arguslab.icc_implicit_data2.MainActivity: void leakImei()&gt;</method>
                <classname>org.arguslab.icc_implicit_data2.MainActivity</classname>
                <app>
                    <file>D:\benchmarks\icc-bench\apks\IccTargetFinding\icc_implicit_data2.apk</file>
                    <hashes>
                        <hash type="MD5">0c623144cdb7f22af821849fa7f085b5</hash>
                        <hash type="SHA-1">134733d0911a43f4056e05f09bc517c38eb694aa</hash>
                        <hash type="SHA-256">b91df6e6b5e264da9ee050672e14fe7e959d689b0cdc68c5bc721c47263e153d</hash>
                    </hashes>
                </app>
            </reference>
            <reference type="to">
                <statement>
                    <statementfull>staticinvoke &lt;android.util.Log: int d(java.lang.String,java.lang.String)&gt;("deviceid", $r4)</statementfull>
                    <statementgeneric>android.util.Log: int d(java.lang.String,java.lang.String)</statementgeneric>
                    <parameters>
                        <parameter>
                            <type>java.lang.String</type>
                            <value>"deviceid"</value>
                        </parameter>
                        <parameter>
                            <type>java.lang.String</type>
                            <value>$r4</value>
                        </parameter>
                    </parameters>
                </statement>
                <method>&lt;org.arguslab.icc_implicit_data2.FooActivity: void onCreate(android.os.Bundle)&gt;</method>
                <classname>org.arguslab.icc_implicit_data2.FooActivity</classname>
                <app>
                    <file>D:\benchmarks\icc-bench\apks\IccTargetFinding\icc_implicit_data2.apk</file>
                    <hashes>
                        <hash type="MD5">0c623144cdb7f22af821849fa7f085b5</hash>
                        <hash type="SHA-1">134733d0911a43f4056e05f09bc517c38eb694aa</hash>
                        <hash type="SHA-256">b91df6e6b5e264da9ee050672e14fe7e959d689b0cdc68c5bc721c47263e153d</hash>
                    </hashes>
                </app>
            </reference>
        </flow>
    </flows>
</answer>
