<?xml version="1.0" encoding="utf-8" standalone="yes"?>
<answer>
    <flows>
        <flow>
            <reference type="from">
                <statement>
                    <statementfull>$r4 = virtualinvoke $r3.&lt;android.telephony.TelephonyManager: java.lang.String getDeviceId()&gt;()</statementfull>
                    <statementgeneric>android.telephony.TelephonyManager: java.lang.String getDeviceId()</statementgeneric>
                </statement>
                <method>&lt;org.arguslab.icc_implicit_mix2.MainActivity: void leakImei()&gt;</method>
                <classname>org.arguslab.icc_implicit_mix2.MainActivity</classname>
                <app>
                    <file>D:\benchmarks\icc-bench\apks\IccTargetFinding\icc_implicit_mix2.apk</file>
                    <hashes>
                        <hash type="MD5">0088ec4047f14dc2c6916a38d9c94530</hash>
                        <hash type="SHA-1">5ef2de71612047e0806f7b60f46853477ed2cecd</hash>
                        <hash type="SHA-256">b43979f55381895c1b39083301c913e6384c85263548c0e14883d145a4fa27a7</hash>
                    </hashes>
                </app>
            </reference>
            <reference type="to">
                <statement>
                    <statementfull>staticinvoke &lt;android.util.Log: int d(java.lang.String,java.lang.String)&gt;("deviceid", $r4)</statementfull>
                    <statementgeneric>android.util.Log: int d(java.lang.String,java.lang.String)</statementgeneric>
                    <parameters>
                        <parameter>
                            <type>java.lang.String</type>
                            <value>"deviceid"</value>
                        </parameter>
                        <parameter>
                            <type>java.lang.String</type>
                            <value>$r4</value>
                        </parameter>
                    </parameters>
                </statement>
                <method>&lt;org.arguslab.icc_implicit_mix2.FooActivity: void onCreate(android.os.Bundle)&gt;</method>
                <classname>org.arguslab.icc_implicit_mix2.FooActivity</classname>
                <app>
                    <file>D:\benchmarks\icc-bench\apks\IccTargetFinding\icc_implicit_mix2.apk</file>
                    <hashes>
                        <hash type="MD5">0088ec4047f14dc2c6916a38d9c94530</hash>
                        <hash type="SHA-1">5ef2de71612047e0806f7b60f46853477ed2cecd</hash>
                        <hash type="SHA-256">b43979f55381895c1b39083301c913e6384c85263548c0e14883d145a4fa27a7</hash>
                    </hashes>
                </app>
            </reference>
        </flow>
    </flows>
</answer>
