<?xml version="1.0" encoding="utf-8" standalone="yes"?>
<answer>
    <flows>
        <flow>
            <reference type="from">
                <statement>
                    <statementfull>$r5 = virtualinvoke $r4.&lt;android.telephony.TelephonyManager: java.lang.String getDeviceId()&gt;()</statementfull>
                    <statementgeneric>android.telephony.TelephonyManager: java.lang.String getDeviceId()</statementgeneric>
                </statement>
                <method>&lt;org.arguslab.icc_dynregister2.MainActivity: void leakImei()&gt;</method>
                <classname>org.arguslab.icc_dynregister2.MainActivity</classname>
                <app>
                    <file>D:\benchmarks\icc-bench\apks\IccTargetFinding\icc_dynregister2.apk</file>
                    <hashes>
                        <hash type="MD5">9e392ee392539f19f53ea08607373300</hash>
                        <hash type="SHA-1">44e1f12aa4de23692bfdf150e5b6985ce27535bb</hash>
                        <hash type="SHA-256">7e2eb6252350a3f83ea1a43ebf91f386d03c60de40c094b1593c9f913d8c9dce</hash>
                    </hashes>
                </app>
            </reference>
            <reference type="to">
                <statement>
                    <statementfull>staticinvoke &lt;android.util.Log: int d(java.lang.String,java.lang.String)&gt;("leak", $r4)</statementfull>
                    <statementgeneric>android.util.Log: int d(java.lang.String,java.lang.String)</statementgeneric>
                    <parameters>
                        <parameter>
                            <type>java.lang.String</type>
                            <value>"leak"</value>
                        </parameter>
                        <parameter>
                            <type>java.lang.String</type>
                            <value>$r4</value>
                        </parameter>
                    </parameters>
                </statement>
                <method>&lt;org.arguslab.icc_dynregister2.MyReceiver: void onReceive(android.content.Context,android.content.Intent)&gt;</method>
                <classname>org.arguslab.icc_dynregister2.MyReceiver</classname>
                <app>
                    <file>D:\benchmarks\icc-bench\apks\IccTargetFinding\icc_dynregister2.apk</file>
                    <hashes>
                        <hash type="MD5">9e392ee392539f19f53ea08607373300</hash>
                        <hash type="SHA-1">44e1f12aa4de23692bfdf150e5b6985ce27535bb</hash>
                        <hash type="SHA-256">7e2eb6252350a3f83ea1a43ebf91f386d03c60de40c094b1593c9f913d8c9dce</hash>
                    </hashes>
                </app>
            </reference>
        </flow>
    </flows>
</answer>
