<?xml version="1.0" encoding="utf-8" standalone="yes"?>
<answer>
    <flows>
        <flow>
            <reference type="to">
                <statement>
                    <statementfull>staticinvoke &lt;android.util.Log: int d(java.lang.String,java.lang.String)&gt;("imei", $r3)</statementfull>
                    <statementgeneric>android.util.Log: int d(java.lang.String,java.lang.String)</statementgeneric>
                    <parameters>
                        <parameter>
                            <type>java.lang.String</type>
                            <value>"imei"</value>
                        </parameter>
                        <parameter>
                            <type>java.lang.String</type>
                            <value>$r3</value>
                        </parameter>
                    </parameters>
                </statement>
                <method>&lt;org.arguslab.icc_rpc_comprehensive.FooActivity: void onActivityResult(int,int,android.content.Intent)&gt;</method>
                <classname>org.arguslab.icc_rpc_comprehensive.FooActivity</classname>
                <app>
                    <file>/media/sf_share/icc-bench/Mixed/icc_rpc_comprehensive.apk</file>
                    <hashes>
                        <hash type="MD5">6d13192862b85051dccc51910319a2d6</hash>
                        <hash type="SHA-1">d214d0217927998fe9230e795f19be7e5675a74d</hash>
                        <hash type="SHA-256">f075a04da945e27d76e8677c02bd8f3ea9a64e7abea7e1ea7c5559276b023d3d</hash>
                    </hashes>
                </app>
            </reference>
            <reference type="from">
                <statement>
                    <statementfull>$r3 = virtualinvoke $r1.&lt;android.content.Intent: java.lang.String getStringExtra(java.lang.String)&gt;("key")</statementfull>
                    <statementgeneric>android.content.Intent: java.lang.String getStringExtra(java.lang.String)</statementgeneric>
                    <parameters>
                        <parameter>
                            <type>java.lang.String</type>
                            <value>"key"</value>
                        </parameter>
                    </parameters>
                </statement>
                <method>&lt;org.arguslab.icc_rpc_comprehensive.FooActivity: void onActivityResult(int,int,android.content.Intent)&gt;</method>
                <classname>org.arguslab.icc_rpc_comprehensive.FooActivity</classname>
                <app>
                    <file>/media/sf_share/icc-bench/Mixed/icc_rpc_comprehensive.apk</file>
                    <hashes>
                        <hash type="MD5">6d13192862b85051dccc51910319a2d6</hash>
                        <hash type="SHA-1">d214d0217927998fe9230e795f19be7e5675a74d</hash>
                        <hash type="SHA-256">f075a04da945e27d76e8677c02bd8f3ea9a64e7abea7e1ea7c5559276b023d3d</hash>
                    </hashes>
                </app>
            </reference>
        </flow>
        <flow>
            <reference type="to">
                <statement>
                    <statementfull>virtualinvoke $r0.&lt;org.arguslab.icc_rpc_comprehensive.BarActivity: void setResult(int,android.content.Intent)&gt;(-1, $r5)</statementfull>
                    <statementgeneric>org.arguslab.icc_rpc_comprehensive.BarActivity: void setResult(int,android.content.Intent)</statementgeneric>
                    <parameters>
                        <parameter>
                            <type>int</type>
                            <value>-1</value>
                        </parameter>
                        <parameter>
                            <type>android.content.Intent</type>
                            <value>$r5</value>
                        </parameter>
                    </parameters>
                </statement>
                <method>&lt;org.arguslab.icc_rpc_comprehensive.BarActivity: void onClick(android.view.View)&gt;</method>
                <classname>org.arguslab.icc_rpc_comprehensive.BarActivity</classname>
                <app>
                    <file>/media/sf_share/icc-bench/Mixed/icc_rpc_comprehensive.apk</file>
                    <hashes>
                        <hash type="MD5">6d13192862b85051dccc51910319a2d6</hash>
                        <hash type="SHA-1">d214d0217927998fe9230e795f19be7e5675a74d</hash>
                        <hash type="SHA-256">f075a04da945e27d76e8677c02bd8f3ea9a64e7abea7e1ea7c5559276b023d3d</hash>
                    </hashes>
                </app>
            </reference>
            <reference type="from">
                <statement>
                    <statementfull>$r5 = virtualinvoke $r0.&lt;org.arguslab.icc_rpc_comprehensive.BarActivity: android.content.Intent getIntent()&gt;()</statementfull>
                    <statementgeneric>org.arguslab.icc_rpc_comprehensive.BarActivity: android.content.Intent getIntent()</statementgeneric>
                </statement>
                <method>&lt;org.arguslab.icc_rpc_comprehensive.BarActivity: void onClick(android.view.View)&gt;</method>
                <classname>org.arguslab.icc_rpc_comprehensive.BarActivity</classname>
                <app>
                    <file>/media/sf_share/icc-bench/Mixed/icc_rpc_comprehensive.apk</file>
                    <hashes>
                        <hash type="MD5">6d13192862b85051dccc51910319a2d6</hash>
                        <hash type="SHA-1">d214d0217927998fe9230e795f19be7e5675a74d</hash>
                        <hash type="SHA-256">f075a04da945e27d76e8677c02bd8f3ea9a64e7abea7e1ea7c5559276b023d3d</hash>
                    </hashes>
                </app>
            </reference>
        </flow>
    </flows>
</answer>
