<?xml version="1.0" encoding="utf-8" standalone="yes"?>
<answer>
    <flows>
        <flow>
            <reference type="to">
                <statement>
                    <statementfull>virtualinvoke $r0.&lt;org.arguslab.icc_implicit_action.MainActivity: void startActivity(android.content.Intent)&gt;($r1)</statementfull>
                    <statementgeneric>org.arguslab.icc_implicit_action.MainActivity: void startActivity(android.content.Intent)</statementgeneric>
                    <parameters>
                        <parameter>
                            <type>android.content.Intent</type>
                            <value>$r1</value>
                        </parameter>
                    </parameters>
                </statement>
                <method>&lt;org.arguslab.icc_implicit_action.MainActivity: void leakImei()&gt;</method>
                <classname>org.arguslab.icc_implicit_action.MainActivity</classname>
                <app>
                    <file>/media/sf_share/icc-bench/IccTargetFinding/icc_implicit_action.apk</file>
                    <hashes>
                        <hash type="MD5">f971c23fddc66272e59ccb64cf5fe0c5</hash>
                        <hash type="SHA-1">e390adcf106ccbb206bf3529bb23541971c73513</hash>
                        <hash type="SHA-256">4c37cce9dbc22574c42916fd9d10f51013ef2db3927e961c956f8e853e32f7fe</hash>
                    </hashes>
                </app>
            </reference>
            <reference type="from">
                <statement>
                    <statementfull>$r4 = virtualinvoke $r3.&lt;android.telephony.TelephonyManager: java.lang.String getDeviceId()&gt;()</statementfull>
                    <statementgeneric>android.telephony.TelephonyManager: java.lang.String getDeviceId()</statementgeneric>
                </statement>
                <method>&lt;org.arguslab.icc_implicit_action.MainActivity: void leakImei()&gt;</method>
                <classname>org.arguslab.icc_implicit_action.MainActivity</classname>
                <app>
                    <file>/media/sf_share/icc-bench/IccTargetFinding/icc_implicit_action.apk</file>
                    <hashes>
                        <hash type="MD5">f971c23fddc66272e59ccb64cf5fe0c5</hash>
                        <hash type="SHA-1">e390adcf106ccbb206bf3529bb23541971c73513</hash>
                        <hash type="SHA-256">4c37cce9dbc22574c42916fd9d10f51013ef2db3927e961c956f8e853e32f7fe</hash>
                    </hashes>
                </app>
            </reference>
        </flow>
        <flow>
            <reference type="to">
                <statement>
                    <statementfull>staticinvoke &lt;android.util.Log: int d(java.lang.String,java.lang.String)&gt;("deviceid", $r4)</statementfull>
                    <statementgeneric>android.util.Log: int d(java.lang.String,java.lang.String)</statementgeneric>
                    <parameters>
                        <parameter>
                            <type>java.lang.String</type>
                            <value>"deviceid"</value>
                        </parameter>
                        <parameter>
                            <type>java.lang.String</type>
                            <value>$r4</value>
                        </parameter>
                    </parameters>
                </statement>
                <method>&lt;org.arguslab.icc_implicit_action.FooActivity: void onCreate(android.os.Bundle)&gt;</method>
                <classname>org.arguslab.icc_implicit_action.FooActivity</classname>
                <app>
                    <file>/media/sf_share/icc-bench/IccTargetFinding/icc_implicit_action.apk</file>
                    <hashes>
                        <hash type="MD5">f971c23fddc66272e59ccb64cf5fe0c5</hash>
                        <hash type="SHA-1">e390adcf106ccbb206bf3529bb23541971c73513</hash>
                        <hash type="SHA-256">4c37cce9dbc22574c42916fd9d10f51013ef2db3927e961c956f8e853e32f7fe</hash>
                    </hashes>
                </app>
            </reference>
            <reference type="from">
                <statement>
                    <statementfull>$r4 = virtualinvoke $r2.&lt;android.content.Intent: java.lang.String getStringExtra(java.lang.String)&gt;("data")</statementfull>
                    <statementgeneric>android.content.Intent: java.lang.String getStringExtra(java.lang.String)</statementgeneric>
                    <parameters>
                        <parameter>
                            <type>java.lang.String</type>
                            <value>"data"</value>
                        </parameter>
                    </parameters>
                </statement>
                <method>&lt;org.arguslab.icc_implicit_action.FooActivity: void onCreate(android.os.Bundle)&gt;</method>
                <classname>org.arguslab.icc_implicit_action.FooActivity</classname>
                <app>
                    <file>/media/sf_share/icc-bench/IccTargetFinding/icc_implicit_action.apk</file>
                    <hashes>
                        <hash type="MD5">f971c23fddc66272e59ccb64cf5fe0c5</hash>
                        <hash type="SHA-1">e390adcf106ccbb206bf3529bb23541971c73513</hash>
                        <hash type="SHA-256">4c37cce9dbc22574c42916fd9d10f51013ef2db3927e961c956f8e853e32f7fe</hash>
                    </hashes>
                </app>
            </reference>
        </flow>
    </flows>
</answer>
