<?xml version="1.0" encoding="utf-8" standalone="yes"?>
<answer>
    <flows>
        <flow>
            <reference type="to">
                <statement>
                    <statementfull>virtualinvoke $r0.&lt;org.arguslab.icc_implicit_src_sink.MainActivity: void startActivity(android.content.Intent)&gt;($r1)</statementfull>
                    <statementgeneric>org.arguslab.icc_implicit_src_sink.MainActivity: void startActivity(android.content.Intent)</statementgeneric>
                    <parameters>
                        <parameter>
                            <type>android.content.Intent</type>
                            <value>$r1</value>
                        </parameter>
                    </parameters>
                </statement>
                <method>&lt;org.arguslab.icc_implicit_src_sink.MainActivity: void leakImei()&gt;</method>
                <classname>org.arguslab.icc_implicit_src_sink.MainActivity</classname>
                <app>
                    <file>/media/sf_share/icc-bench/IccHandling/icc_implicit_src_sink.apk</file>
                    <hashes>
                        <hash type="MD5">c6422ffb8399d686ffa08da03cd2a13f</hash>
                        <hash type="SHA-1">2ccf280a8e4806a4258d0ab01304a4d5a851dbdb</hash>
                        <hash type="SHA-256">4924baaa4a7c9b10c2f071a679cface2f65cde08f9d8cbf5351c9f5b3944b30d</hash>
                    </hashes>
                </app>
            </reference>
            <reference type="from">
                <statement>
                    <statementfull>$r4 = virtualinvoke $r3.&lt;android.telephony.TelephonyManager: java.lang.String getDeviceId()&gt;()</statementfull>
                    <statementgeneric>android.telephony.TelephonyManager: java.lang.String getDeviceId()</statementgeneric>
                </statement>
                <method>&lt;org.arguslab.icc_implicit_src_sink.MainActivity: void leakImei()&gt;</method>
                <classname>org.arguslab.icc_implicit_src_sink.MainActivity</classname>
                <app>
                    <file>/media/sf_share/icc-bench/IccHandling/icc_implicit_src_sink.apk</file>
                    <hashes>
                        <hash type="MD5">c6422ffb8399d686ffa08da03cd2a13f</hash>
                        <hash type="SHA-1">2ccf280a8e4806a4258d0ab01304a4d5a851dbdb</hash>
                        <hash type="SHA-256">4924baaa4a7c9b10c2f071a679cface2f65cde08f9d8cbf5351c9f5b3944b30d</hash>
                    </hashes>
                </app>
            </reference>
        </flow>
        <flow>
            <reference type="to">
                <statement>
                    <statementfull>staticinvoke &lt;android.util.Log: int d(java.lang.String,java.lang.String)&gt;("deviceid", $r4)</statementfull>
                    <statementgeneric>android.util.Log: int d(java.lang.String,java.lang.String)</statementgeneric>
                    <parameters>
                        <parameter>
                            <type>java.lang.String</type>
                            <value>"deviceid"</value>
                        </parameter>
                        <parameter>
                            <type>java.lang.String</type>
                            <value>$r4</value>
                        </parameter>
                    </parameters>
                </statement>
                <method>&lt;org.arguslab.icc_implicit_src_sink.FooActivity: void onCreate(android.os.Bundle)&gt;</method>
                <classname>org.arguslab.icc_implicit_src_sink.FooActivity</classname>
                <app>
                    <file>/media/sf_share/icc-bench/IccHandling/icc_implicit_src_sink.apk</file>
                    <hashes>
                        <hash type="MD5">c6422ffb8399d686ffa08da03cd2a13f</hash>
                        <hash type="SHA-1">2ccf280a8e4806a4258d0ab01304a4d5a851dbdb</hash>
                        <hash type="SHA-256">4924baaa4a7c9b10c2f071a679cface2f65cde08f9d8cbf5351c9f5b3944b30d</hash>
                    </hashes>
                </app>
            </reference>
            <reference type="from">
                <statement>
                    <statementfull>$r4 = virtualinvoke $r2.&lt;android.content.Intent: java.lang.String getStringExtra(java.lang.String)&gt;("data")</statementfull>
                    <statementgeneric>android.content.Intent: java.lang.String getStringExtra(java.lang.String)</statementgeneric>
                    <parameters>
                        <parameter>
                            <type>java.lang.String</type>
                            <value>"data"</value>
                        </parameter>
                    </parameters>
                </statement>
                <method>&lt;org.arguslab.icc_implicit_src_sink.FooActivity: void onCreate(android.os.Bundle)&gt;</method>
                <classname>org.arguslab.icc_implicit_src_sink.FooActivity</classname>
                <app>
                    <file>/media/sf_share/icc-bench/IccHandling/icc_implicit_src_sink.apk</file>
                    <hashes>
                        <hash type="MD5">c6422ffb8399d686ffa08da03cd2a13f</hash>
                        <hash type="SHA-1">2ccf280a8e4806a4258d0ab01304a4d5a851dbdb</hash>
                        <hash type="SHA-256">4924baaa4a7c9b10c2f071a679cface2f65cde08f9d8cbf5351c9f5b3944b30d</hash>
                    </hashes>
                </app>
            </reference>
        </flow>
    </flows>
</answer>
