<?xml version="1.0" encoding="utf-8" standalone="yes"?>
<answer>
    <flows>
        <flow>
            <reference type="to">
                <statement>
                    <statementfull>staticinvoke &lt;android.util.Log: int d(java.lang.String,java.lang.String)&gt;("deviceid", $r4)</statementfull>
                    <statementgeneric>android.util.Log: int d(java.lang.String,java.lang.String)</statementgeneric>
                    <parameters>
                        <parameter>
                            <type>java.lang.String</type>
                            <value>"deviceid"</value>
                        </parameter>
                        <parameter>
                            <type>java.lang.String</type>
                            <value>$r4</value>
                        </parameter>
                    </parameters>
                </statement>
                <method>&lt;org.arguslab.icc_implicit_category.FooActivity: void onCreate(android.os.Bundle)&gt;</method>
                <classname>org.arguslab.icc_implicit_category.FooActivity</classname>
                <app>
                    <file>/media/sf_share/icc-bench/IccTargetFinding/icc_implicit_category.apk</file>
                    <hashes>
                        <hash type="MD5">f0f7d4f6aa9b90af6d5c5f31aa8f2eb1</hash>
                        <hash type="SHA-1">1267e0782fed6d34bda6232afb8d488c6d926762</hash>
                        <hash type="SHA-256">e410b85265397ccca600b6dffcf9620ed44077cd893cdf043fa3e7dfa6cced3a</hash>
                    </hashes>
                </app>
            </reference>
            <reference type="from">
                <statement>
                    <statementfull>$r4 = virtualinvoke $r2.&lt;android.content.Intent: java.lang.String getStringExtra(java.lang.String)&gt;("data")</statementfull>
                    <statementgeneric>android.content.Intent: java.lang.String getStringExtra(java.lang.String)</statementgeneric>
                    <parameters>
                        <parameter>
                            <type>java.lang.String</type>
                            <value>"data"</value>
                        </parameter>
                    </parameters>
                </statement>
                <method>&lt;org.arguslab.icc_implicit_category.FooActivity: void onCreate(android.os.Bundle)&gt;</method>
                <classname>org.arguslab.icc_implicit_category.FooActivity</classname>
                <app>
                    <file>/media/sf_share/icc-bench/IccTargetFinding/icc_implicit_category.apk</file>
                    <hashes>
                        <hash type="MD5">f0f7d4f6aa9b90af6d5c5f31aa8f2eb1</hash>
                        <hash type="SHA-1">1267e0782fed6d34bda6232afb8d488c6d926762</hash>
                        <hash type="SHA-256">e410b85265397ccca600b6dffcf9620ed44077cd893cdf043fa3e7dfa6cced3a</hash>
                    </hashes>
                </app>
            </reference>
        </flow>
        <flow>
            <reference type="to">
                <statement>
                    <statementfull>virtualinvoke $r0.&lt;org.arguslab.icc_implicit_category.MainActivity: void startActivity(android.content.Intent)&gt;($r1)</statementfull>
                    <statementgeneric>org.arguslab.icc_implicit_category.MainActivity: void startActivity(android.content.Intent)</statementgeneric>
                    <parameters>
                        <parameter>
                            <type>android.content.Intent</type>
                            <value>$r1</value>
                        </parameter>
                    </parameters>
                </statement>
                <method>&lt;org.arguslab.icc_implicit_category.MainActivity: void leakImei()&gt;</method>
                <classname>org.arguslab.icc_implicit_category.MainActivity</classname>
                <app>
                    <file>/media/sf_share/icc-bench/IccTargetFinding/icc_implicit_category.apk</file>
                    <hashes>
                        <hash type="MD5">f0f7d4f6aa9b90af6d5c5f31aa8f2eb1</hash>
                        <hash type="SHA-1">1267e0782fed6d34bda6232afb8d488c6d926762</hash>
                        <hash type="SHA-256">e410b85265397ccca600b6dffcf9620ed44077cd893cdf043fa3e7dfa6cced3a</hash>
                    </hashes>
                </app>
            </reference>
            <reference type="from">
                <statement>
                    <statementfull>$r4 = virtualinvoke $r3.&lt;android.telephony.TelephonyManager: java.lang.String getDeviceId()&gt;()</statementfull>
                    <statementgeneric>android.telephony.TelephonyManager: java.lang.String getDeviceId()</statementgeneric>
                </statement>
                <method>&lt;org.arguslab.icc_implicit_category.MainActivity: void leakImei()&gt;</method>
                <classname>org.arguslab.icc_implicit_category.MainActivity</classname>
                <app>
                    <file>/media/sf_share/icc-bench/IccTargetFinding/icc_implicit_category.apk</file>
                    <hashes>
                        <hash type="MD5">f0f7d4f6aa9b90af6d5c5f31aa8f2eb1</hash>
                        <hash type="SHA-1">1267e0782fed6d34bda6232afb8d488c6d926762</hash>
                        <hash type="SHA-256">e410b85265397ccca600b6dffcf9620ed44077cd893cdf043fa3e7dfa6cced3a</hash>
                    </hashes>
                </app>
            </reference>
        </flow>
    </flows>
</answer>
