<?xml version="1.0" encoding="utf-8" standalone="yes"?>
<answer>
    <flows>
        <flow>
            <reference type="to">
                <statement>
                    <statementfull>staticinvoke &lt;android.util.Log: int d(java.lang.String,java.lang.String)&gt;("imei", $r3)</statementfull>
                    <statementgeneric>android.util.Log: int d(java.lang.String,java.lang.String)</statementgeneric>
                    <parameters>
                        <parameter>
                            <type>java.lang.String</type>
                            <value>"imei"</value>
                        </parameter>
                        <parameter>
                            <type>java.lang.String</type>
                            <value>$r3</value>
                        </parameter>
                    </parameters>
                </statement>
                <method>&lt;org.arguslab.icc_intentservice.MyIntentService: void onHandleIntent(android.content.Intent)&gt;</method>
                <classname>org.arguslab.icc_intentservice.MyIntentService</classname>
                <app>
                    <file>/media/sf_share/icc-bench/IccHandling/icc_intentservice.apk</file>
                    <hashes>
                        <hash type="MD5">595ee6f0457a102e967c411d4349fd57</hash>
                        <hash type="SHA-1">24bdc2bce7a77590915c71d5031bbc78924cf1a</hash>
                        <hash type="SHA-256">e3b12ccaaf690b23abe1de8b4cf5ff076aa90d154027a46e8c0bc6b60988df0b</hash>
                    </hashes>
                </app>
            </reference>
            <reference type="from">
                <statement>
                    <statementfull>$r3 = virtualinvoke $r1.&lt;android.content.Intent: java.lang.String getStringExtra(java.lang.String)&gt;("data")</statementfull>
                    <statementgeneric>android.content.Intent: java.lang.String getStringExtra(java.lang.String)</statementgeneric>
                    <parameters>
                        <parameter>
                            <type>java.lang.String</type>
                            <value>"data"</value>
                        </parameter>
                    </parameters>
                </statement>
                <method>&lt;org.arguslab.icc_intentservice.MyIntentService: void onHandleIntent(android.content.Intent)&gt;</method>
                <classname>org.arguslab.icc_intentservice.MyIntentService</classname>
                <app>
                    <file>/media/sf_share/icc-bench/IccHandling/icc_intentservice.apk</file>
                    <hashes>
                        <hash type="MD5">595ee6f0457a102e967c411d4349fd57</hash>
                        <hash type="SHA-1">24bdc2bce7a77590915c71d5031bbc78924cf1a</hash>
                        <hash type="SHA-256">e3b12ccaaf690b23abe1de8b4cf5ff076aa90d154027a46e8c0bc6b60988df0b</hash>
                    </hashes>
                </app>
            </reference>
        </flow>
    </flows>
</answer>
