<?xml version="1.0" encoding="utf-8" standalone="yes"?>
<answer>
    <flows>
        <flow>
            <reference type="from">
                <statement>
                    <statementfull>$r5 = virtualinvoke $r3.&lt;android.telephony.TelephonyManager: java.lang.String getDeviceId()&gt;()</statementfull>
                    <statementgeneric>android.telephony.TelephonyManager: java.lang.String getDeviceId()</statementgeneric>
                </statement>
                <method>&lt;org.arguslab.icc_rpc_comprehensive.RemoteService$1: void setImei()&gt;</method>
                <classname>org.arguslab.icc_rpc_comprehensive.RemoteService$1</classname>
                <app>
                    <file>/media/sf_share/icc-bench/Mixed/icc_rpc_comprehensive.apk</file>
                    <hashes>
                        <hash type="MD5">6d13192862b85051dccc51910319a2d6</hash>
                        <hash type="SHA-1">d214d0217927998fe9230e795f19be7e5675a74d</hash>
                        <hash type="SHA-256">f075a04da945e27d76e8677c02bd8f3ea9a64e7abea7e1ea7c5559276b023d3d</hash>
                    </hashes>
                </app>
            </reference>
            <reference type="to">
                <statement>
                    <statementfull>android.content.ContextWrapper: void unbindService(android.content.ServiceConnection)</statementfull>
                    <statementgeneric>android.content.ContextWrapper: void unbindService(android.content.ServiceConnection)</statementgeneric>
                    <parameters>
                        <parameter>
                            <type>android.content.ServiceConnection</type>
                            <value>android.content.ContextWrapper: void unbindService(android.content.ServiceConnection</value>
                        </parameter>
                    </parameters>
                </statement>
                <method>&lt;org.arguslab.icc_rpc_comprehensive.BarActivity: void onStop()&gt;</method>
                <classname>org.arguslab.icc_rpc_comprehensive.BarActivity</classname>
                <app>
                    <file>/media/sf_share/icc-bench/Mixed/icc_rpc_comprehensive.apk</file>
                    <hashes>
                        <hash type="MD5">6d13192862b85051dccc51910319a2d6</hash>
                        <hash type="SHA-1">d214d0217927998fe9230e795f19be7e5675a74d</hash>
                        <hash type="SHA-256">f075a04da945e27d76e8677c02bd8f3ea9a64e7abea7e1ea7c5559276b023d3d</hash>
                    </hashes>
                </app>
            </reference>
        </flow>
        <flow>
            <reference type="from">
                <statement>
                    <statementfull>	$r2 = staticinvoke &lt;android.os.Parcel: android.os.Parcel obtain_ds_method_clone_4()&gt;() (OS_STATE)</statementfull>
                    <statementgeneric>android.os.Parcel: android.os.Parcel obtain_ds_method_clone_4()</statementgeneric>
                </statement>
                <method>&lt;org.arguslab.icc_rpc_comprehensive.IRemoteService$Stub$Proxy: java.lang.String getImei()&gt;</method>
                <classname>org.arguslab.icc_rpc_comprehensive.IRemoteService$Stub$Proxy</classname>
                <app>
                    <file>/media/sf_share/icc-bench/Mixed/icc_rpc_comprehensive.apk</file>
                    <hashes>
                        <hash type="MD5">6d13192862b85051dccc51910319a2d6</hash>
                        <hash type="SHA-1">d214d0217927998fe9230e795f19be7e5675a74d</hash>
                        <hash type="SHA-256">f075a04da945e27d76e8677c02bd8f3ea9a64e7abea7e1ea7c5559276b023d3d</hash>
                    </hashes>
                </app>
            </reference>
            <reference type="to">
                <statement>
                    <statementfull>android.content.ContextWrapper: void unbindService(android.content.ServiceConnection)</statementfull>
                    <statementgeneric>android.content.ContextWrapper: void unbindService(android.content.ServiceConnection)</statementgeneric>
                    <parameters>
                        <parameter>
                            <type>android.content.ServiceConnection</type>
                            <value>android.content.ContextWrapper: void unbindService(android.content.ServiceConnection</value>
                        </parameter>
                    </parameters>
                </statement>
                <method>&lt;org.arguslab.icc_rpc_comprehensive.BarActivity: void onStop()&gt;</method>
                <classname>org.arguslab.icc_rpc_comprehensive.BarActivity</classname>
                <app>
                    <file>/media/sf_share/icc-bench/Mixed/icc_rpc_comprehensive.apk</file>
                    <hashes>
                        <hash type="MD5">6d13192862b85051dccc51910319a2d6</hash>
                        <hash type="SHA-1">d214d0217927998fe9230e795f19be7e5675a74d</hash>
                        <hash type="SHA-256">f075a04da945e27d76e8677c02bd8f3ea9a64e7abea7e1ea7c5559276b023d3d</hash>
                    </hashes>
                </app>
            </reference>
        </flow>
        <flow>
            <reference type="from">
                <statement>
                    <statementfull>	$r2 = staticinvoke &lt;android.os.Parcel: android.os.Parcel obtain_ds_method_clone_6()&gt;() (OS_STATE)</statementfull>
                    <statementgeneric>android.os.Parcel: android.os.Parcel obtain_ds_method_clone_6()</statementgeneric>
                </statement>
                <method>&lt;org.arguslab.icc_rpc_comprehensive.IRemoteService$Stub$Proxy: void setImei()&gt;</method>
                <classname>org.arguslab.icc_rpc_comprehensive.IRemoteService$Stub$Proxy</classname>
                <app>
                    <file>/media/sf_share/icc-bench/Mixed/icc_rpc_comprehensive.apk</file>
                    <hashes>
                        <hash type="MD5">6d13192862b85051dccc51910319a2d6</hash>
                        <hash type="SHA-1">d214d0217927998fe9230e795f19be7e5675a74d</hash>
                        <hash type="SHA-256">f075a04da945e27d76e8677c02bd8f3ea9a64e7abea7e1ea7c5559276b023d3d</hash>
                    </hashes>
                </app>
            </reference>
            <reference type="to">
                <statement>
                    <statementfull>android.content.ContextWrapper: void unbindService(android.content.ServiceConnection)</statementfull>
                    <statementgeneric>android.content.ContextWrapper: void unbindService(android.content.ServiceConnection)</statementgeneric>
                    <parameters>
                        <parameter>
                            <type>android.content.ServiceConnection</type>
                            <value>android.content.ContextWrapper: void unbindService(android.content.ServiceConnection</value>
                        </parameter>
                    </parameters>
                </statement>
                <method>&lt;org.arguslab.icc_rpc_comprehensive.BarActivity: void onStop()&gt;</method>
                <classname>org.arguslab.icc_rpc_comprehensive.BarActivity</classname>
                <app>
                    <file>/media/sf_share/icc-bench/Mixed/icc_rpc_comprehensive.apk</file>
                    <hashes>
                        <hash type="MD5">6d13192862b85051dccc51910319a2d6</hash>
                        <hash type="SHA-1">d214d0217927998fe9230e795f19be7e5675a74d</hash>
                        <hash type="SHA-256">f075a04da945e27d76e8677c02bd8f3ea9a64e7abea7e1ea7c5559276b023d3d</hash>
                    </hashes>
                </app>
            </reference>
        </flow>
        <flow>
            <reference type="from">
                <statement>
                    <statementfull>	$r1 = staticinvoke &lt;android.os.Parcel: android.os.Parcel obtain_ds_method_clone_5()&gt;() (OS_STATE)</statementfull>
                    <statementgeneric>android.os.Parcel: android.os.Parcel obtain_ds_method_clone_5()</statementgeneric>
                </statement>
                <method>&lt;org.arguslab.icc_rpc_comprehensive.IRemoteService$Stub$Proxy: void setImei()&gt;</method>
                <classname>org.arguslab.icc_rpc_comprehensive.IRemoteService$Stub$Proxy</classname>
                <app>
                    <file>/media/sf_share/icc-bench/Mixed/icc_rpc_comprehensive.apk</file>
                    <hashes>
                        <hash type="MD5">6d13192862b85051dccc51910319a2d6</hash>
                        <hash type="SHA-1">d214d0217927998fe9230e795f19be7e5675a74d</hash>
                        <hash type="SHA-256">f075a04da945e27d76e8677c02bd8f3ea9a64e7abea7e1ea7c5559276b023d3d</hash>
                    </hashes>
                </app>
            </reference>
            <reference type="to">
                <statement>
                    <statementfull>android.content.ContextWrapper: void unbindService(android.content.ServiceConnection)</statementfull>
                    <statementgeneric>android.content.ContextWrapper: void unbindService(android.content.ServiceConnection)</statementgeneric>
                    <parameters>
                        <parameter>
                            <type>android.content.ServiceConnection</type>
                            <value>android.content.ContextWrapper: void unbindService(android.content.ServiceConnection</value>
                        </parameter>
                    </parameters>
                </statement>
                <method>&lt;org.arguslab.icc_rpc_comprehensive.BarActivity: void onStop()&gt;</method>
                <classname>org.arguslab.icc_rpc_comprehensive.BarActivity</classname>
                <app>
                    <file>/media/sf_share/icc-bench/Mixed/icc_rpc_comprehensive.apk</file>
                    <hashes>
                        <hash type="MD5">6d13192862b85051dccc51910319a2d6</hash>
                        <hash type="SHA-1">d214d0217927998fe9230e795f19be7e5675a74d</hash>
                        <hash type="SHA-256">f075a04da945e27d76e8677c02bd8f3ea9a64e7abea7e1ea7c5559276b023d3d</hash>
                    </hashes>
                </app>
            </reference>
        </flow>
        <flow>
            <reference type="from">
                <statement>
                    <statementfull>	$r1 = staticinvoke &lt;android.os.Parcel: android.os.Parcel obtain_ds_method_clone_3()&gt;() (OS_STATE)</statementfull>
                    <statementgeneric>android.os.Parcel: android.os.Parcel obtain_ds_method_clone_3()</statementgeneric>
                </statement>
                <method>&lt;org.arguslab.icc_rpc_comprehensive.IRemoteService$Stub$Proxy: java.lang.String getImei()&gt;</method>
                <classname>org.arguslab.icc_rpc_comprehensive.IRemoteService$Stub$Proxy</classname>
                <app>
                    <file>/media/sf_share/icc-bench/Mixed/icc_rpc_comprehensive.apk</file>
                    <hashes>
                        <hash type="MD5">6d13192862b85051dccc51910319a2d6</hash>
                        <hash type="SHA-1">d214d0217927998fe9230e795f19be7e5675a74d</hash>
                        <hash type="SHA-256">f075a04da945e27d76e8677c02bd8f3ea9a64e7abea7e1ea7c5559276b023d3d</hash>
                    </hashes>
                </app>
            </reference>
            <reference type="to">
                <statement>
                    <statementfull>android.content.ContextWrapper: void unbindService(android.content.ServiceConnection)</statementfull>
                    <statementgeneric>android.content.ContextWrapper: void unbindService(android.content.ServiceConnection)</statementgeneric>
                    <parameters>
                        <parameter>
                            <type>android.content.ServiceConnection</type>
                            <value>android.content.ContextWrapper: void unbindService(android.content.ServiceConnection</value>
                        </parameter>
                    </parameters>
                </statement>
                <method>&lt;org.arguslab.icc_rpc_comprehensive.BarActivity: void onStop()&gt;</method>
                <classname>org.arguslab.icc_rpc_comprehensive.BarActivity</classname>
                <app>
                    <file>/media/sf_share/icc-bench/Mixed/icc_rpc_comprehensive.apk</file>
                    <hashes>
                        <hash type="MD5">6d13192862b85051dccc51910319a2d6</hash>
                        <hash type="SHA-1">d214d0217927998fe9230e795f19be7e5675a74d</hash>
                        <hash type="SHA-256">f075a04da945e27d76e8677c02bd8f3ea9a64e7abea7e1ea7c5559276b023d3d</hash>
                    </hashes>
                </app>
            </reference>
        </flow>
    </flows>
</answer>
