<?xml version="1.0" encoding="utf-8" standalone="yes"?>
<answer>
    <flows>
        <flow>
            <reference type="from">
                <statement>
                    <statementfull>	$r2 = staticinvoke &lt;android.os.Parcel: android.os.Parcel obtain_ds_method_clone_3()&gt;() (OS_STATE)</statementfull>
                    <statementgeneric>android.os.Parcel: android.os.Parcel obtain_ds_method_clone_3()</statementgeneric>
                </statement>
                <method>&lt;org.arguslab.rpc_remoteservice.IRemoteService$Stub$Proxy: void setData(java.lang.String)&gt;</method>
                <classname>org.arguslab.rpc_remoteservice.IRemoteService$Stub$Proxy</classname>
                <app>
                    <file>/media/sf_share/icc-bench/RpcHandling/rpc_remoteservice.apk</file>
                    <hashes>
                        <hash type="MD5">f3339bff64fa763b4de39ba89d3821ec</hash>
                        <hash type="SHA-1">f4ca405e600a01e1cf5206e10a1526f0746cc7ec</hash>
                        <hash type="SHA-256">1bd15680f9c869515eb1b0c78238ff5292584cb987bd2d9be134044062bafd9a</hash>
                    </hashes>
                </app>
            </reference>
            <reference type="to">
                <statement>
                    <statementfull>android.content.ContextWrapper: void unbindService(android.content.ServiceConnection)</statementfull>
                    <statementgeneric>android.content.ContextWrapper: void unbindService(android.content.ServiceConnection)</statementgeneric>
                    <parameters>
                        <parameter>
                            <type>android.content.ServiceConnection</type>
                            <value>android.content.ContextWrapper: void unbindService(android.content.ServiceConnection</value>
                        </parameter>
                    </parameters>
                </statement>
                <method>&lt;org.arguslab.rpc_remoteservice.MainActivity: void onStop()&gt;</method>
                <classname>org.arguslab.rpc_remoteservice.MainActivity</classname>
                <app>
                    <file>/media/sf_share/icc-bench/RpcHandling/rpc_remoteservice.apk</file>
                    <hashes>
                        <hash type="MD5">f3339bff64fa763b4de39ba89d3821ec</hash>
                        <hash type="SHA-1">f4ca405e600a01e1cf5206e10a1526f0746cc7ec</hash>
                        <hash type="SHA-256">1bd15680f9c869515eb1b0c78238ff5292584cb987bd2d9be134044062bafd9a</hash>
                    </hashes>
                </app>
            </reference>
        </flow>
        <flow>
            <reference type="from">
                <statement>
                    <statementfull>	$r3 = staticinvoke &lt;android.os.Parcel: android.os.Parcel obtain_ds_method_clone_4()&gt;() (OS_STATE)</statementfull>
                    <statementgeneric>android.os.Parcel: android.os.Parcel obtain_ds_method_clone_4()</statementgeneric>
                </statement>
                <method>&lt;org.arguslab.rpc_remoteservice.IRemoteService$Stub$Proxy: void setData(java.lang.String)&gt;</method>
                <classname>org.arguslab.rpc_remoteservice.IRemoteService$Stub$Proxy</classname>
                <app>
                    <file>/media/sf_share/icc-bench/RpcHandling/rpc_remoteservice.apk</file>
                    <hashes>
                        <hash type="MD5">f3339bff64fa763b4de39ba89d3821ec</hash>
                        <hash type="SHA-1">f4ca405e600a01e1cf5206e10a1526f0746cc7ec</hash>
                        <hash type="SHA-256">1bd15680f9c869515eb1b0c78238ff5292584cb987bd2d9be134044062bafd9a</hash>
                    </hashes>
                </app>
            </reference>
            <reference type="to">
                <statement>
                    <statementfull>android.content.ContextWrapper: void unbindService(android.content.ServiceConnection)</statementfull>
                    <statementgeneric>android.content.ContextWrapper: void unbindService(android.content.ServiceConnection)</statementgeneric>
                    <parameters>
                        <parameter>
                            <type>android.content.ServiceConnection</type>
                            <value>android.content.ContextWrapper: void unbindService(android.content.ServiceConnection</value>
                        </parameter>
                    </parameters>
                </statement>
                <method>&lt;org.arguslab.rpc_remoteservice.MainActivity: void onStop()&gt;</method>
                <classname>org.arguslab.rpc_remoteservice.MainActivity</classname>
                <app>
                    <file>/media/sf_share/icc-bench/RpcHandling/rpc_remoteservice.apk</file>
                    <hashes>
                        <hash type="MD5">f3339bff64fa763b4de39ba89d3821ec</hash>
                        <hash type="SHA-1">f4ca405e600a01e1cf5206e10a1526f0746cc7ec</hash>
                        <hash type="SHA-256">1bd15680f9c869515eb1b0c78238ff5292584cb987bd2d9be134044062bafd9a</hash>
                    </hashes>
                </app>
            </reference>
        </flow>
    </flows>
</answer>
