<?xml version="1.0" encoding="utf-8" standalone="yes"?>
<answer>
    <flows>
        <flow>
            <reference type="from">
                <statement>
                    <statementfull>$r4 = virtualinvoke $r3.&lt;android.telephony.TelephonyManager: java.lang.String getDeviceId()&gt;()</statementfull>
                    <statementgeneric>android.telephony.TelephonyManager: java.lang.String getDeviceId()</statementgeneric>
                </statement>
                <method>&lt;org.arguslab.icc_stateful.FooActivity: void onCreate(android.os.Bundle)&gt;</method>
                <classname>org.arguslab.icc_stateful.FooActivity</classname>
                <app>
                    <file>/media/sf_share/icc-bench/IccHandling/icc_stateful.apk</file>
                    <hashes>
                        <hash type="MD5">8af1a92a5f5b08343537684b9325c55c</hash>
                        <hash type="SHA-1">4f64c4ad91df38255f1761ca5e54ebd67dd6b113</hash>
                        <hash type="SHA-256">35058f711d454f42cc5649b100868cdb538f42975410487434fe959d981c4685</hash>
                    </hashes>
                </app>
            </reference>
            <reference type="to">
                <statement>
                    <statementfull>android.app.Activity: void setResult(int,android.content.Intent)</statementfull>
                    <statementgeneric>android.app.Activity: void setResult(int,android.content.Intent)</statementgeneric>
                    <parameters>
                        <parameter>
                            <type>int</type>
                            <value>android.app.Activity: void setResult(int,android.content.Intent</value>
                        </parameter>
                    </parameters>
                </statement>
                <method>&lt;org.arguslab.icc_stateful.FooActivity: void onCreate(android.os.Bundle)&gt;</method>
                <classname>org.arguslab.icc_stateful.FooActivity</classname>
                <app>
                    <file>/media/sf_share/icc-bench/IccHandling/icc_stateful.apk</file>
                    <hashes>
                        <hash type="MD5">8af1a92a5f5b08343537684b9325c55c</hash>
                        <hash type="SHA-1">4f64c4ad91df38255f1761ca5e54ebd67dd6b113</hash>
                        <hash type="SHA-256">35058f711d454f42cc5649b100868cdb538f42975410487434fe959d981c4685</hash>
                    </hashes>
                </app>
            </reference>
        </flow>
    </flows>
</answer>
