<?xml version="1.0" encoding="utf-8" standalone="yes"?>
<answer>
    <flows>
        <flow>
            <reference type="from">
                <statement>
                    <statementfull>$r3 = virtualinvoke $r2.&lt;android.telephony.TelephonyManager: java.lang.String getDeviceId()&gt;()</statementfull>
                    <statementgeneric>android.telephony.TelephonyManager: java.lang.String getDeviceId()</statementgeneric>
                </statement>
                <method>&lt;org.arguslab.rpc_localservice.MainActivity: void leakImei()&gt;</method>
                <classname>org.arguslab.rpc_localservice.MainActivity</classname>
                <app>
                    <file>D:\benchmarks\icc-bench\apks\RpcHandling\rpc_localservice.apk</file>
                    <hashes>
                        <hash type="MD5">5bd1d15a56ac9f379bd5e7d2a9536449</hash>
                        <hash type="SHA-1">1ed6547174c989c8fb23578385bcc03ac15941a1</hash>
                        <hash type="SHA-256">ccca6da4b7a58ac4cb37bc017d0c5b8286d392ef2786a4f505d612c599f9d889</hash>
                    </hashes>
                </app>
            </reference>
            <reference type="to">
                <statement>
                    <statementfull>staticinvoke &lt;android.util.Log: int d(java.lang.String,java.lang.String)&gt;("imei", $r1)</statementfull>
                    <statementgeneric>android.util.Log: int d(java.lang.String,java.lang.String)</statementgeneric>
                    <parameters>
                        <parameter>
                            <type>java.lang.String</type>
                            <value>"imei"</value>
                        </parameter>
                        <parameter>
                            <type>java.lang.String</type>
                            <value>$r1</value>
                        </parameter>
                    </parameters>
                </statement>
                <method>&lt;org.arguslab.rpc_localservice.LocalService: void setData(java.lang.String)&gt;</method>
                <classname>org.arguslab.rpc_localservice.LocalService</classname>
                <app>
                    <file>D:\benchmarks\icc-bench\apks\RpcHandling\rpc_localservice.apk</file>
                    <hashes>
                        <hash type="MD5">5bd1d15a56ac9f379bd5e7d2a9536449</hash>
                        <hash type="SHA-1">1ed6547174c989c8fb23578385bcc03ac15941a1</hash>
                        <hash type="SHA-256">ccca6da4b7a58ac4cb37bc017d0c5b8286d392ef2786a4f505d612c599f9d889</hash>
                    </hashes>
                </app>
            </reference>
        </flow>
    </flows>
</answer>
