<?xml version="1.0" encoding="utf-8" standalone="yes"?>
<answer>
    <flows>
        <flow>
            <reference type="from">
                <statement>
                    <statementfull>$r4 = virtualinvoke $r3.&lt;android.telephony.TelephonyManager: java.lang.String getDeviceId()&gt;()</statementfull>
                    <statementgeneric>android.telephony.TelephonyManager: java.lang.String getDeviceId()</statementgeneric>
                </statement>
                <method>&lt;org.arguslab.rpc_messengerservice.MainActivity: void leakImei()&gt;</method>
                <classname>org.arguslab.rpc_messengerservice.MainActivity</classname>
                <app>
                    <file>D:\benchmarks\icc-bench\apks\RpcHandling\rpc_messengerservice.apk</file>
                    <hashes>
                        <hash type="MD5">eba0149033edcd7ff2c1d5dce8e27455</hash>
                        <hash type="SHA-1">a23bc12d0e3eeac3e260c9bc5df29180f8139965</hash>
                        <hash type="SHA-256">44fb7cff0b7ede25b9df6ee0ddd279ebbd71359faa1e85ba29a8984dfbc410a7</hash>
                    </hashes>
                </app>
            </reference>
            <reference type="to">
                <statement>
                    <statementfull>staticinvoke &lt;android.util.Log: int d(java.lang.String,java.lang.String)&gt;("imei", $r4)</statementfull>
                    <statementgeneric>android.util.Log: int d(java.lang.String,java.lang.String)</statementgeneric>
                    <parameters>
                        <parameter>
                            <type>java.lang.String</type>
                            <value>"imei"</value>
                        </parameter>
                        <parameter>
                            <type>java.lang.String</type>
                            <value>$r4</value>
                        </parameter>
                    </parameters>
                </statement>
                <method>&lt;org.arguslab.rpc_messengerservice.MessengerService$IncomingHandler: void handleMessage(android.os.Message)&gt;</method>
                <classname>org.arguslab.rpc_messengerservice.MessengerService$IncomingHandler</classname>
                <app>
                    <file>D:\benchmarks\icc-bench\apks\RpcHandling\rpc_messengerservice.apk</file>
                    <hashes>
                        <hash type="MD5">eba0149033edcd7ff2c1d5dce8e27455</hash>
                        <hash type="SHA-1">a23bc12d0e3eeac3e260c9bc5df29180f8139965</hash>
                        <hash type="SHA-256">44fb7cff0b7ede25b9df6ee0ddd279ebbd71359faa1e85ba29a8984dfbc410a7</hash>
                    </hashes>
                </app>
            </reference>
        </flow>
    </flows>
</answer>
