<?xml version="1.0" encoding="utf-8" standalone="yes"?>
<answer>
    <flows>
        <flow>
            <reference type="from">
                <statement>
                    <statementfull>$r3 = virtualinvoke $r2.&lt;android.telephony.TelephonyManager: java.lang.String getDeviceId()&gt;()</statementfull>
                    <statementgeneric>android.telephony.TelephonyManager: java.lang.String getDeviceId()</statementgeneric>
                </statement>
                <method>&lt;org.arguslab.rpc_returnsensitive.LocalService: java.lang.String getData()&gt;</method>
                <classname>org.arguslab.rpc_returnsensitive.LocalService</classname>
                <app>
                    <file>D:\benchmarks\icc-bench\apks\RpcHandling\rpc_returnsensitive.apk</file>
                    <hashes>
                        <hash type="MD5">f4901f86082d3532260af376460310fa</hash>
                        <hash type="SHA-1">435e5a0ab1c2e8f36740d8f30e2f958c22f1c230</hash>
                        <hash type="SHA-256">3d34dbcbea8ea611db10f0fd8635a2223bd925138ad46fc91a32ef1e3983b9b6</hash>
                    </hashes>
                </app>
            </reference>
            <reference type="to">
                <statement>
                    <statementfull>staticinvoke &lt;android.util.Log: int i(java.lang.String,java.lang.String)&gt;("data", $r3)</statementfull>
                    <statementgeneric>android.util.Log: int i(java.lang.String,java.lang.String)</statementgeneric>
                    <parameters>
                        <parameter>
                            <type>java.lang.String</type>
                            <value>"data"</value>
                        </parameter>
                        <parameter>
                            <type>java.lang.String</type>
                            <value>$r3</value>
                        </parameter>
                    </parameters>
                </statement>
                <method>&lt;org.arguslab.rpc_returnsensitive.MainActivity: void leakData()&gt;</method>
                <classname>org.arguslab.rpc_returnsensitive.MainActivity</classname>
                <app>
                    <file>D:\benchmarks\icc-bench\apks\RpcHandling\rpc_returnsensitive.apk</file>
                    <hashes>
                        <hash type="MD5">f4901f86082d3532260af376460310fa</hash>
                        <hash type="SHA-1">435e5a0ab1c2e8f36740d8f30e2f958c22f1c230</hash>
                        <hash type="SHA-256">3d34dbcbea8ea611db10f0fd8635a2223bd925138ad46fc91a32ef1e3983b9b6</hash>
                    </hashes>
                </app>
            </reference>
        </flow>
    </flows>
</answer>
