<?xml version="1.0" encoding="utf-8" standalone="yes"?>
<answer>
    <flows>
        <flow>
            <reference type="from">
                <statement>
                    <statementfull>$r4 = virtualinvoke $r3.&lt;android.telephony.TelephonyManager: java.lang.String getDeviceId()&gt;()</statementfull>
                    <statementgeneric>android.telephony.TelephonyManager: java.lang.String getDeviceId()</statementgeneric>
                </statement>
                <method>&lt;org.arguslab.icc_implicit_data1.MainActivity: void leakImei()&gt;</method>
                <classname>org.arguslab.icc_implicit_data1.MainActivity</classname>
                <app>
                    <file>/media/sf_share/icc-bench/IccTargetFinding/icc_implicit_data1.apk</file>
                    <hashes>
                        <hash type="MD5">869a519971bf23eb863c38a6be8c09ed</hash>
                        <hash type="SHA-1">b10c1d168b753356f4c0d503d843965c74b933cc</hash>
                        <hash type="SHA-256">1995f3b1332e423b4488440dce8ad6ea1d2573402aa271fbe4dd54ee9230a94e</hash>
                    </hashes>
                </app>
            </reference>
            <reference type="to">
                <statement>
                    <statementfull>staticinvoke &lt;android.util.Log: int d(java.lang.String,java.lang.String)&gt;("deviceid", $r4)</statementfull>
                    <statementgeneric>android.util.Log: int d(java.lang.String,java.lang.String)</statementgeneric>
                    <parameters>
                        <parameter>
                            <type>java.lang.String</type>
                            <value>"deviceid"</value>
                        </parameter>
                        <parameter>
                            <type>java.lang.String</type>
                            <value>$r4</value>
                        </parameter>
                    </parameters>
                </statement>
                <method>&lt;org.arguslab.icc_implicit_data1.FooActivity: void onCreate(android.os.Bundle)&gt;</method>
                <classname>org.arguslab.icc_implicit_data1.FooActivity</classname>
                <app>
                    <file>/media/sf_share/icc-bench/IccTargetFinding/icc_implicit_data1.apk</file>
                    <hashes>
                        <hash type="MD5">869a519971bf23eb863c38a6be8c09ed</hash>
                        <hash type="SHA-1">b10c1d168b753356f4c0d503d843965c74b933cc</hash>
                        <hash type="SHA-256">1995f3b1332e423b4488440dce8ad6ea1d2573402aa271fbe4dd54ee9230a94e</hash>
                    </hashes>
                </app>
            </reference>
        </flow>
    </flows>
</answer>
