<?xml version="1.0" encoding="utf-8" standalone="yes"?>
<answer>
    <flows>
        <flow>
            <reference type="from">
                <statement>
                    <statementfull>$r4 = virtualinvoke $r3.&lt;android.telephony.TelephonyManager: java.lang.String getDeviceId()&gt;()</statementfull>
                    <statementgeneric>android.telephony.TelephonyManager: java.lang.String getDeviceId()</statementgeneric>
                </statement>
                <method>&lt;org.arguslab.icc_implicit_mix1.MainActivity: void leakImei()&gt;</method>
                <classname>org.arguslab.icc_implicit_mix1.MainActivity</classname>
                <app>
                    <file>/media/sf_share/icc-bench/IccTargetFinding/icc_implicit_mix1.apk</file>
                    <hashes>
                        <hash type="MD5">44fafd3ed7e550d917439a875fe8630b</hash>
                        <hash type="SHA-1">6b77a77379a5cdb8f04288b3b11c0f73106491ed</hash>
                        <hash type="SHA-256">e29320e3e31759537683bb162a699c06c918dbcfcbfb622ae7bf5310189af83a</hash>
                    </hashes>
                </app>
            </reference>
            <reference type="to">
                <statement>
                    <statementfull>staticinvoke &lt;android.util.Log: int d(java.lang.String,java.lang.String)&gt;("deviceid", $r4)</statementfull>
                    <statementgeneric>android.util.Log: int d(java.lang.String,java.lang.String)</statementgeneric>
                    <parameters>
                        <parameter>
                            <type>java.lang.String</type>
                            <value>"deviceid"</value>
                        </parameter>
                        <parameter>
                            <type>java.lang.String</type>
                            <value>$r4</value>
                        </parameter>
                    </parameters>
                </statement>
                <method>&lt;org.arguslab.icc_implicit_mix1.HookActivity: void onCreate(android.os.Bundle)&gt;</method>
                <classname>org.arguslab.icc_implicit_mix1.HookActivity</classname>
                <app>
                    <file>/media/sf_share/icc-bench/IccTargetFinding/icc_implicit_mix1.apk</file>
                    <hashes>
                        <hash type="MD5">44fafd3ed7e550d917439a875fe8630b</hash>
                        <hash type="SHA-1">6b77a77379a5cdb8f04288b3b11c0f73106491ed</hash>
                        <hash type="SHA-256">e29320e3e31759537683bb162a699c06c918dbcfcbfb622ae7bf5310189af83a</hash>
                    </hashes>
                </app>
            </reference>
        </flow>
    </flows>
</answer>
