<?xml version="1.0" encoding="utf-8" standalone="yes"?>
<answer>
    <flows>
        <flow>
            <reference type="from">
                <statement>
                    <statementfull>$r4 = virtualinvoke $r3.&lt;android.telephony.TelephonyManager: java.lang.String getDeviceId()&gt;()</statementfull>
                    <statementgeneric>android.telephony.TelephonyManager: java.lang.String getDeviceId()</statementgeneric>
                </statement>
                <method>&lt;org.arguslab.icc_rpc_comprehensive.RemoteService$1: void setImei()&gt;</method>
                <classname>org.arguslab.icc_rpc_comprehensive.RemoteService$1</classname>
                <app>
                    <file>/media/sf_share/icc-bench/Mixed/icc_rpc_comprehensive.apk</file>
                    <hashes>
                        <hash type="MD5">6d13192862b85051dccc51910319a2d6</hash>
                        <hash type="SHA-1">d214d0217927998fe9230e795f19be7e5675a74d</hash>
                        <hash type="SHA-256">f075a04da945e27d76e8677c02bd8f3ea9a64e7abea7e1ea7c5559276b023d3d</hash>
                    </hashes>
                </app>
            </reference>
            <reference type="to">
                <statement>
                    <statementfull>staticinvoke &lt;android.util.Log: int d(java.lang.String,java.lang.String)&gt;("imei", $r3)</statementfull>
                    <statementgeneric>android.util.Log: int d(java.lang.String,java.lang.String)</statementgeneric>
                    <parameters>
                        <parameter>
                            <type>java.lang.String</type>
                            <value>"imei"</value>
                        </parameter>
                        <parameter>
                            <type>java.lang.String</type>
                            <value>$r3</value>
                        </parameter>
                    </parameters>
                </statement>
                <method>&lt;org.arguslab.icc_rpc_comprehensive.FooActivity: void onActivityResult(int,int,android.content.Intent)&gt;</method>
                <classname>org.arguslab.icc_rpc_comprehensive.FooActivity</classname>
                <app>
                    <file>/media/sf_share/icc-bench/Mixed/icc_rpc_comprehensive.apk</file>
                    <hashes>
                        <hash type="MD5">6d13192862b85051dccc51910319a2d6</hash>
                        <hash type="SHA-1">d214d0217927998fe9230e795f19be7e5675a74d</hash>
                        <hash type="SHA-256">f075a04da945e27d76e8677c02bd8f3ea9a64e7abea7e1ea7c5559276b023d3d</hash>
                    </hashes>
                </app>
            </reference>
        </flow>
    </flows>
</answer>
