<?xml version="1.0" encoding="utf-8" standalone="yes"?>
<answer>
    <flows>
        <flow>
            <reference type="from">
                <statement>
                    <statementfull>$r4 = virtualinvoke $r3.&lt;android.telephony.TelephonyManager: java.lang.String getDeviceId()&gt;()</statementfull>
                    <statementgeneric>android.telephony.TelephonyManager: java.lang.String getDeviceId()</statementgeneric>
                </statement>
                <method>&lt;org.arguslab.rpc_remoteservice.MainActivity: void leakImei()&gt;</method>
                <classname>org.arguslab.rpc_remoteservice.MainActivity</classname>
                <app>
                    <file>/media/sf_share/icc-bench/RpcHandling/rpc_remoteservice.apk</file>
                    <hashes>
                        <hash type="MD5">f3339bff64fa763b4de39ba89d3821ec</hash>
                        <hash type="SHA-1">f4ca405e600a01e1cf5206e10a1526f0746cc7ec</hash>
                        <hash type="SHA-256">1bd15680f9c869515eb1b0c78238ff5292584cb987bd2d9be134044062bafd9a</hash>
                    </hashes>
                </app>
            </reference>
            <reference type="to">
                <statement>
                    <statementfull>staticinvoke &lt;android.util.Log: int d(java.lang.String,java.lang.String)&gt;("imei", $r1)</statementfull>
                    <statementgeneric>android.util.Log: int d(java.lang.String,java.lang.String)</statementgeneric>
                    <parameters>
                        <parameter>
                            <type>java.lang.String</type>
                            <value>"imei"</value>
                        </parameter>
                        <parameter>
                            <type>java.lang.String</type>
                            <value>$r1</value>
                        </parameter>
                    </parameters>
                </statement>
                <method>&lt;org.arguslab.rpc_remoteservice.RemoteService$1: void setData(java.lang.String)&gt;</method>
                <classname>org.arguslab.rpc_remoteservice.RemoteService$1</classname>
                <app>
                    <file>/media/sf_share/icc-bench/RpcHandling/rpc_remoteservice.apk</file>
                    <hashes>
                        <hash type="MD5">f3339bff64fa763b4de39ba89d3821ec</hash>
                        <hash type="SHA-1">f4ca405e600a01e1cf5206e10a1526f0746cc7ec</hash>
                        <hash type="SHA-256">1bd15680f9c869515eb1b0c78238ff5292584cb987bd2d9be134044062bafd9a</hash>
                    </hashes>
                </app>
            </reference>
        </flow>
    </flows>
</answer>
