<?xml version="1.0" encoding="utf-8" standalone="yes"?>
<answer>
    <flows>
        <flow>
            <reference type="from">
                <statement>
                    <statementfull>$r4 = virtualinvoke $r3.&lt;android.telephony.TelephonyManager: java.lang.String getDeviceId()&gt;()</statementfull>
                    <statementgeneric>android.telephony.TelephonyManager: java.lang.String getDeviceId()</statementgeneric>
                </statement>
                <method>&lt;org.arguslab.icc_explicit_src_sink.MainActivity: void leakImei()&gt;</method>
                <classname>org.arguslab.icc_explicit_src_sink.MainActivity</classname>
                <app>
                    <file>/media/sf_share/icc-bench/IccHandling/icc_explicit_src_sink.apk</file>
                    <hashes>
                        <hash type="MD5">04439ad700cdf3aa16869911856dc21c</hash>
                        <hash type="SHA-1">a83206869adafbfae422f77a491e2c6652150d47</hash>
                        <hash type="SHA-256">33c39a906084db756047aba4cd9f7198c3e77dbd7bdbc00a18877f62d2ad2360</hash>
                    </hashes>
                </app>
            </reference>
            <reference type="to">
                <statement>
                    <statementfull>staticinvoke &lt;android.util.Log: int d(java.lang.String,java.lang.String)&gt;("deviceid", $r4)</statementfull>
                    <statementgeneric>android.util.Log: int d(java.lang.String,java.lang.String)</statementgeneric>
                    <parameters>
                        <parameter>
                            <type>java.lang.String</type>
                            <value>"deviceid"</value>
                        </parameter>
                        <parameter>
                            <type>java.lang.String</type>
                            <value>$r4</value>
                        </parameter>
                    </parameters>
                </statement>
                <method>&lt;org.arguslab.icc_explicit_src_sink.FooActivity: void onCreate(android.os.Bundle)&gt;</method>
                <classname>org.arguslab.icc_explicit_src_sink.FooActivity</classname>
                <app>
                    <file>/media/sf_share/icc-bench/IccHandling/icc_explicit_src_sink.apk</file>
                    <hashes>
                        <hash type="MD5">04439ad700cdf3aa16869911856dc21c</hash>
                        <hash type="SHA-1">a83206869adafbfae422f77a491e2c6652150d47</hash>
                        <hash type="SHA-256">33c39a906084db756047aba4cd9f7198c3e77dbd7bdbc00a18877f62d2ad2360</hash>
                    </hashes>
                </app>
            </reference>
        </flow>
    </flows>
</answer>
