<?xml version="1.0" encoding="utf-8" standalone="yes"?>
<answer>
    <flows>
        <flow>
            <reference type="from">
                <statement>
                    <statementfull>$r4 = virtualinvoke $r3.&lt;android.telephony.TelephonyManager: java.lang.String getDeviceId()&gt;()</statementfull>
                    <statementgeneric>android.telephony.TelephonyManager: java.lang.String getDeviceId()</statementgeneric>
                </statement>
                <method>&lt;org.arguslab.icc_dynregister1.MainActivity: void leakImei()&gt;</method>
                <classname>org.arguslab.icc_dynregister1.MainActivity</classname>
                <app>
                    <file>/media/sf_share/icc-bench/IccTargetFinding/icc_dynregister1.apk</file>
                    <hashes>
                        <hash type="MD5">4b5919c78153c73993d6fbf2ff4547d4</hash>
                        <hash type="SHA-1">6a07ed7afc65f1102f92691d363eec9bcb5fe997</hash>
                        <hash type="SHA-256">2962ae8b06c5f127379a608b28902d3f583da98e3d0ed3c782f0edfc267b55b</hash>
                    </hashes>
                </app>
            </reference>
            <reference type="to">
                <statement>
                    <statementfull>staticinvoke &lt;android.util.Log: int d(java.lang.String,java.lang.String)&gt;("Id", $r4)</statementfull>
                    <statementgeneric>android.util.Log: int d(java.lang.String,java.lang.String)</statementgeneric>
                    <parameters>
                        <parameter>
                            <type>java.lang.String</type>
                            <value>"Id"</value>
                        </parameter>
                        <parameter>
                            <type>java.lang.String</type>
                            <value>$r4</value>
                        </parameter>
                    </parameters>
                </statement>
                <method>&lt;org.arguslab.icc_dynregister1.MyReceiver: void onReceive(android.content.Context,android.content.Intent)&gt;</method>
                <classname>org.arguslab.icc_dynregister1.MyReceiver</classname>
                <app>
                    <file>/media/sf_share/icc-bench/IccTargetFinding/icc_dynregister1.apk</file>
                    <hashes>
                        <hash type="MD5">4b5919c78153c73993d6fbf2ff4547d4</hash>
                        <hash type="SHA-1">6a07ed7afc65f1102f92691d363eec9bcb5fe997</hash>
                        <hash type="SHA-256">2962ae8b06c5f127379a608b28902d3f583da98e3d0ed3c782f0edfc267b55b</hash>
                    </hashes>
                </app>
            </reference>
        </flow>
    </flows>
</answer>
