<?xml version="1.0" encoding="utf-8" standalone="yes"?>
<answer>
    <flows>
        <flow>
            <reference type="from">
                <statement>
                    <statementfull>$r4 = virtualinvoke $r3.&lt;android.telephony.TelephonyManager: java.lang.String getDeviceId()&gt;()</statementfull>
                    <statementgeneric>android.telephony.TelephonyManager: java.lang.String getDeviceId()</statementgeneric>
                </statement>
                <method>&lt;org.arguslab.icc_explicit1.MainActivity: void leakImei()&gt;</method>
                <classname>org.arguslab.icc_explicit1.MainActivity</classname>
                <app>
                    <file>/media/sf_share/icc-bench/IccTargetFinding/icc_explicit1.apk</file>
                    <hashes>
                        <hash type="MD5">9b15c09b4349fd5a1d23680a081aa8cc</hash>
                        <hash type="SHA-1">d3b7e38ca0691d2a33a98a2a184f2bfa2d730c9a</hash>
                        <hash type="SHA-256">454b17c97f35f3062336aa5656e5d56018bcab19ae6d6ab2452422f94d235fe</hash>
                    </hashes>
                </app>
            </reference>
            <reference type="to">
                <statement>
                    <statementfull>staticinvoke &lt;android.util.Log: int d(java.lang.String,java.lang.String)&gt;("deviceid", $r4)</statementfull>
                    <statementgeneric>android.util.Log: int d(java.lang.String,java.lang.String)</statementgeneric>
                    <parameters>
                        <parameter>
                            <type>java.lang.String</type>
                            <value>"deviceid"</value>
                        </parameter>
                        <parameter>
                            <type>java.lang.String</type>
                            <value>$r4</value>
                        </parameter>
                    </parameters>
                </statement>
                <method>&lt;org.arguslab.icc_explicit1.FooActivity: void onCreate(android.os.Bundle)&gt;</method>
                <classname>org.arguslab.icc_explicit1.FooActivity</classname>
                <app>
                    <file>/media/sf_share/icc-bench/IccTargetFinding/icc_explicit1.apk</file>
                    <hashes>
                        <hash type="MD5">9b15c09b4349fd5a1d23680a081aa8cc</hash>
                        <hash type="SHA-1">d3b7e38ca0691d2a33a98a2a184f2bfa2d730c9a</hash>
                        <hash type="SHA-256">454b17c97f35f3062336aa5656e5d56018bcab19ae6d6ab2452422f94d235fe</hash>
                    </hashes>
                </app>
            </reference>
        </flow>
    </flows>
</answer>
